step,agv_id,x,y,status,is_loaded,battery
1,0,2,2,AGVStatus.IDLE,False,100.0
1,1,2,5,AGVStatus.IDLE,False,100.0
1,2,2,8,AGVStatus.IDLE,False,100.0
2,0,2,2,AGVStatus.IDLE,False,100.0
2,1,2,5,AGVStatus.IDLE,False,100.0
2,2,2,9,AGVStatus.MOVING_TO_PICKUP,False,99.5
3,0,2,2,AGVStatus.IDLE,False,100.0
3,1,2,5,AGVStatus.IDLE,False,100.0
3,2,1,9,AGVStatus.MOVING_TO_PICKUP,False,99.0
4,0,2,2,AGVStatus.IDLE,False,100.0
4,1,2,5,AGVStatus.IDLE,False,100.0
4,2,0,9,AGVStatus.MOVING_TO_PICKUP,False,98.5
5,0,2,2,AGVStatus.IDLE,False,100.0
5,1,2,5,AGVStatus.IDLE,False,100.0
5,2,0,10,AGVStatus.MOVING_TO_PICKUP,False,98.0
6,0,2,2,AGVStatus.IDLE,False,100.0
6,1,2,5,AGVStatus.IDLE,False,100.0
6,2,0,11,AGVStatus.MOVING_TO_PICKUP,False,97.5
7,0,2,2,AGVStatus.IDLE,False,100.0
7,1,2,6,AGVStatus.MOVING_TO_PICKUP,False,99.5
7,2,0,12,AGVStatus.MOVING_TO_PICKUP,False,97.0
8,0,2,2,AGVStatus.IDLE,False,100.0
8,1,2,7,AGVStatus.MOVING_TO_PICKUP,False,99.0
8,2,0,13,AGVStatus.MOVING_TO_PICKUP,False,96.5
9,0,2,2,AGVStatus.IDLE,False,100.0
9,1,2,8,AGVStatus.MOVING_TO_PICKUP,False,98.5
9,2,0,14,AGVStatus.MOVING_TO_PICKUP,False,96.0
10,0,2,3,AGVStatus.MOVING_TO_PICKUP,False,99.5
10,1,2,9,AGVStatus.MOVING_TO_PICKUP,False,98.0
10,2,0,15,AGVStatus.MOVING_TO_PICKUP,False,95.5
11,0,3,3,AGVStatus.MOVING_TO_PICKUP,False,99.0
11,1,2,10,AGVStatus.MOVING_TO_PICKUP,False,97.5
11,2,0,16,AGVStatus.MOVING_TO_PICKUP,False,95.0
12,0,2,3,AGVStatus.MOVING_TO_PICKUP,False,98.5
12,1,2,11,AGVStatus.MOVING_TO_PICKUP,False,97.0
12,2,0,17,AGVStatus.MOVING_TO_PICKUP,False,94.5
13,0,2,4,AGVStatus.MOVING_TO_PICKUP,False,98.0
13,1,2,12,AGVStatus.MOVING_TO_PICKUP,False,96.5
13,2,0,17,AGVStatus.MOVING_TO_DELIVERY,True,94.5
14,0,1,4,AGVStatus.MOVING_TO_PICKUP,False,97.5
14,1,2,13,AGVStatus.MOVING_TO_PICKUP,False,96.0
14,2,0,16,AGVStatus.MOVING_TO_DELIVERY,True,93.75
15,0,0,4,AGVStatus.MOVING_TO_PICKUP,False,97.0
15,1,2,14,AGVStatus.MOVING_TO_PICKUP,False,95.5
15,2,0,15,AGVStatus.MOVING_TO_DELIVERY,True,93.0
16,0,0,5,AGVStatus.MOVING_TO_PICKUP,False,96.5
16,1,2,15,AGVStatus.MOVING_TO_PICKUP,False,95.0
16,2,0,16,AGVStatus.MOVING_TO_DELIVERY,True,92.25
17,0,0,6,AGVStatus.MOVING_TO_PICKUP,False,96.0
17,1,2,16,AGVStatus.MOVING_TO_PICKUP,False,94.5
17,2,0,15,AGVStatus.MOVING_TO_DELIVERY,True,91.5
18,0,0,7,AGVStatus.MOVING_TO_PICKUP,False,95.5
18,1,2,17,AGVStatus.MOVING_TO_PICKUP,False,94.0
18,2,0,14,AGVStatus.MOVING_TO_DELIVERY,True,90.75
19,0,0,8,AGVStatus.MOVING_TO_PICKUP,False,95.0
19,1,2,18,AGVStatus.MOVING_TO_PICKUP,False,93.5
19,2,0,13,AGVStatus.MOVING_TO_DELIVERY,True,90.0
20,0,0,9,AGVStatus.MOVING_TO_PICKUP,False,94.5
20,1,2,19,AGVStatus.MOVING_TO_PICKUP,False,93.0
20,2,0,12,AGVStatus.MOVING_TO_DELIVERY,True,89.25
21,0,0,9,AGVStatus.MOVING_TO_PICKUP,False,94.35
21,1,2,20,AGVStatus.MOVING_TO_PICKUP,False,92.5
21,2,0,11,AGVStatus.MOVING_TO_DELIVERY,True,88.5
22,0,0,10,AGVStatus.MOVING_TO_PICKUP,False,93.85
22,1,2,21,AGVStatus.MOVING_TO_PICKUP,False,92.0
22,2,1,11,AGVStatus.MOVING_TO_DELIVERY,True,87.75
23,0,0,11,AGVStatus.MOVING_TO_PICKUP,False,93.35
23,1,2,22,AGVStatus.MOVING_TO_PICKUP,False,91.5
23,2,1,10,AGVStatus.MOVING_TO_DELIVERY,True,87.0
24,0,0,12,AGVStatus.MOVING_TO_PICKUP,False,92.85
24,1,2,23,AGVStatus.MOVING_TO_PICKUP,False,91.0
24,2,2,10,AGVStatus.MOVING_TO_DELIVERY,True,86.25
25,0,0,13,AGVStatus.MOVING_TO_PICKUP,False,92.35
25,1,2,24,AGVStatus.MOVING_TO_PICKUP,False,90.5
25,2,3,10,AGVStatus.MOVING_TO_DELIVERY,True,85.5
26,0,0,14,AGVStatus.MOVING_TO_PICKUP,False,91.85
26,1,2,25,AGVStatus.MOVING_TO_PICKUP,False,90.0
26,2,3,9,AGVStatus.MOVING_TO_DELIVERY,True,84.75
27,0,0,15,AGVStatus.MOVING_TO_PICKUP,False,91.35
27,1,1,25,AGVStatus.MOVING_TO_PICKUP,False,89.5
27,2,4,9,AGVStatus.MOVING_TO_DELIVERY,True,84.0
28,0,0,16,AGVStatus.MOVING_TO_PICKUP,False,90.85
28,1,0,25,AGVStatus.MOVING_TO_PICKUP,False,89.0
28,2,5,9,AGVStatus.MOVING_TO_DELIVERY,True,83.25
29,0,0,17,AGVStatus.MOVING_TO_PICKUP,False,90.35
29,1,0,26,AGVStatus.MOVING_TO_PICKUP,False,88.5
29,2,6,9,AGVStatus.MOVING_TO_DELIVERY,True,82.5
30,0,0,17,AGVStatus.MOVING_TO_DELIVERY,True,90.35
30,1,0,27,AGVStatus.MOVING_TO_PICKUP,False,88.0
30,2,7,9,AGVStatus.MOVING_TO_DELIVERY,True,81.75
31,0,0,17,AGVStatus.MOVING_TO_DELIVERY,True,90.35
31,1,0,28,AGVStatus.MOVING_TO_PICKUP,False,87.5
31,2,8,9,AGVStatus.MOVING_TO_DELIVERY,True,81.0
32,0,0,18,AGVStatus.MOVING_TO_DELIVERY,True,89.6
32,1,0,29,AGVStatus.MOVING_TO_PICKUP,False,87.0
32,2,9,9,AGVStatus.MOVING_TO_DELIVERY,True,80.25
33,0,1,18,AGVStatus.MOVING_TO_DELIVERY,True,88.85
33,1,0,30,AGVStatus.MOVING_TO_PICKUP,False,86.5
33,2,10,9,AGVStatus.MOVING_TO_DELIVERY,True,79.5
34,0,2,18,AGVStatus.MOVING_TO_DELIVERY,True,88.1
34,1,0,31,AGVStatus.MOVING_TO_PICKUP,False,86.0
34,2,10,8,AGVStatus.MOVING_TO_DELIVERY,True,78.75
35,0,2,19,AGVStatus.MOVING_TO_DELIVERY,True,87.35
35,1,0,32,AGVStatus.MOVING_TO_PICKUP,False,85.5
35,2,10,7,AGVStatus.MOVING_TO_DELIVERY,True,78.0
36,0,2,20,AGVStatus.MOVING_TO_DELIVERY,True,86.6
36,1,0,33,AGVStatus.MOVING_TO_PICKUP,False,85.0
36,2,11,7,AGVStatus.MOVING_TO_DELIVERY,True,77.25
37,0,3,20,AGVStatus.MOVING_TO_DELIVERY,True,85.85
37,1,0,34,AGVStatus.MOVING_TO_PICKUP,False,84.5
37,2,11,6,AGVStatus.MOVING_TO_DELIVERY,True,76.5
38,0,3,21,AGVStatus.MOVING_TO_DELIVERY,True,85.1
38,1,0,35,AGVStatus.MOVING_TO_PICKUP,False,84.0
38,2,12,6,AGVStatus.MOVING_TO_DELIVERY,True,75.75
39,0,4,21,AGVStatus.MOVING_TO_DELIVERY,True,84.35
39,1,0,36,AGVStatus.MOVING_TO_PICKUP,False,83.5
39,2,13,6,AGVStatus.MOVING_TO_DELIVERY,True,75.0
40,0,4,22,AGVStatus.MOVING_TO_DELIVERY,True,83.6
40,1,0,37,AGVStatus.MOVING_TO_PICKUP,False,83.0
40,2,14,6,AGVStatus.MOVING_TO_DELIVERY,True,74.25
41,0,5,22,AGVStatus.MOVING_TO_DELIVERY,True,82.85
41,1,0,37,AGVStatus.MOVING_TO_DELIVERY,True,83.0
41,2,15,6,AGVStatus.MOVING_TO_DELIVERY,True,73.5
42,0,5,23,AGVStatus.MOVING_TO_DELIVERY,True,82.1
42,1,0,37,AGVStatus.MOVING_TO_DELIVERY,True,83.0
42,2,16,6,AGVStatus.MOVING_TO_DELIVERY,True,72.75
43,0,5,24,AGVStatus.MOVING_TO_DELIVERY,True,81.35
43,1,1,37,AGVStatus.MOVING_TO_DELIVERY,True,82.25
43,2,17,6,AGVStatus.MOVING_TO_DELIVERY,True,72.0
44,0,5,25,AGVStatus.MOVING_TO_DELIVERY,True,80.6
44,1,2,37,AGVStatus.MOVING_TO_DELIVERY,True,81.5
44,2,18,6,AGVStatus.MOVING_TO_DELIVERY,True,71.25
45,0,5,26,AGVStatus.MOVING_TO_DELIVERY,True,79.85
45,1,3,37,AGVStatus.MOVING_TO_DELIVERY,True,80.75
45,2,19,6,AGVStatus.MOVING_TO_DELIVERY,True,70.5
46,0,5,27,AGVStatus.MOVING_TO_DELIVERY,True,79.1
46,1,4,37,AGVStatus.MOVING_TO_DELIVERY,True,80.0
46,2,19,6,AGVStatus.MOVING_TO_DELIVERY,True,70.35
47,0,6,27,AGVStatus.MOVING_TO_DELIVERY,True,78.35
47,1,5,37,AGVStatus.MOVING_TO_DELIVERY,True,79.25
47,2,19,5,AGVStatus.MOVING_TO_DELIVERY,True,69.6
48,0,7,27,AGVStatus.MOVING_TO_DELIVERY,True,77.6
48,1,6,37,AGVStatus.MOVING_TO_DELIVERY,True,78.5
48,2,20,5,AGVStatus.MOVING_TO_DELIVERY,True,68.85
49,0,7,28,AGVStatus.MOVING_TO_DELIVERY,True,76.85
49,1,7,37,AGVStatus.MOVING_TO_DELIVERY,True,77.75
49,2,21,5,AGVStatus.MOVING_TO_DELIVERY,True,68.1
50,0,7,29,AGVStatus.MOVING_TO_DELIVERY,True,76.1
50,1,8,37,AGVStatus.MOVING_TO_DELIVERY,True,77.0
50,2,22,5,AGVStatus.MOVING_TO_DELIVERY,True,67.35
